CURSO,DURAÇÃO/SEMESTRES,NOTA DE CORTE MÉDIA,FORMA DE INGRESSO,TIPO,NUMERO DE VAGAS,AREA DE ATUAÇÃO,MED. SALARIAL,MED. FORMANDOS POR SEMESTRE,CAMPUS,MODALIDADE,TURNO,DESCRIÇÃO,LINK PAG. CURSO,ÁREA
PEDAGOGIA,8,500-600,ENEM/EDITAL UAB,LICENCIATURA,30-50,"EDUCAÇÃO INFANTIL, ENSINO FUNDAMENTAL, COORDENAÇÃO ESCOLAR","3.000,00",15-30,POLO UAB CRATO (CE),EAD,TURNO LIVRE,"Educação infantil, ensino fundamental, coordenação pedagógica, gestão escolar.",https://www.unitins.br/nPortal/pedagogia-uab,Humanas & Educação
MATEMÁTICA,8,550-650,ENEM/EDITAL UAB,LICENCIATURA,30-50,"ENSINO (FUNDAMENTAL E MÉDIO), AULAS PARTICULARES","4.100,00",10-20,POLO UAB CRATO (CE),EAD,TURNO LIVRE,"Ensino fundamental e médio, pesquisa acadêmica, análise de dados.",https://www.ufpi.br/educacao-a-distancia/matematica,Exatas & Engenharias
HISTÓRIA,8,500-600,ENEM/EDITAL UAB,LICENCIATURA,30-50,"ENSINO, PESQUISA, MUSEUS, CULTURA","3.300,00",10-20,POLO UAB CRATO (CE),EAD,TURNO LIVRE,"Ensino, pesquisa, museus, arquivos históricos, produção cultural.",https://www.ufpi.br/educacao-a-distancia/historia,Humanas & Educação
LETRAS,8,500-600,ENEM/EDITAL UAB,LICENCIATURA,30-50,"ENSINO DE LÍNGUAS, TRADUÇÃO, REVISÃO DE TEXTOS","3.000,00",15-25,POLO UAB CRATO (CE),EAD,TURNO LIVRE,"Ensino de línguas, revisão de textos, tradução, produção de conteúdo.",https://www.ufpi.br/educacao-a-distancia/letras-portugues,Humanas & Educação
FÍSICA,8,550-650,ENEM/EDITAL UAB,LICENCIATURA,20-30,"ENSINO, PESQUISA, ÁREAS TÉCNICAS","4.000,00",5-15,POLO UAB CRATO (CE),EAD,TURNO LIVRE,"Ensino, pesquisa científica, áreas tecnológicas e laboratoriais.",https://uab.unifei.edu.br/sobre/curso-de-fisica-licenciatura/,Exatas & Engenharias
QUÍMICA,8,550-650,ENEM/EDITAL UAB,LICENCIATURA,20-30,"ENSINO, LABORATÓRIOS, INDÚSTRIA","4.000,00",5-15,POLO UAB CRATO (CE),EAD,TURNO LIVRE,"Ensino, indústria química, laboratórios, controle de qualidade.",https://www.ufpi.br/educacao-a-distancia/quimica,Exatas & Engenharias
ARTES VISUAIS,8,500-600,ENEM/EDITAL UAB,LICENCIATURA,20-30,"ENSINO, DESIGN, CULTURA, ARTES","2.500,00",5-15,POLO UAB CRATO (CE),EAD,TURNO LIVRE,"Ensino, production artística, design, cultura e eventos.",https://www.ufpb.br/ead/artes-visuais,Humanas & Educação
EDUCAÇÃO FÍSICA,8,550-650,ENEM/EDITAL UAB,LICENCIATURA,30-40,"ESCOLAS, ACADEMIAS, PERSONAL TRAINER","2.500,00",10-20,POLO UAB CRATO (CE),EAD,TURNO LIVRE,"Ensino, academias, esportes, treinamento, saúde e lazer.",https://www.ufpi.br/educacao-a-distancia/educacao-fisica,Saúde
COMPUTAÇÃO,8,600-700,ENEM/EDITAL UAB,LICENCIATURA,30-40,"TECNOLOGIA, ENSINO, PROGRAMAÇÃO BÁSICA","3.500,00",10-20,POLO UAB CRATO (CE),EAD,TURNO LIVRE,"Desenvolvimento de sistemas, programação, suporte técnico, ensino.",https://www.ufpb.br/ead/computacao,Tecnologia & TI
LICENCIATURA EM COMPUTACÃO,8,550-650,ENEM/EDITAL UAB,LICENCIATURA,30-40,"ENSINO DE INFORMÁTICA, EDUCAÇÃO TECNOLÓGICA","3.500,00",10-20,POLO UAB CRATO (CE),EAD,TURNO LIVRE,"Ensino de informática, desenvolvimento de projetos educacionais tecnológicos.",https://www.ifce.edu.br/cursos/licenciatura-em-computacao,Tecnologia & TI
SISTEMAS DE INFORMAÇÃO,8,600-700,ENEM/EDITAL UAB,BACHARELADO,30-40,"TI, EMPRESAS, DESENVOLVIMENTO DE SISTEMAS","3.500,00",10-25,POLO UAB CRATO (CE),EAD,TURNO LIVRE,"Desenvolvimento de software, gestão de TI, análise de sistemas.",https://www.ufpi.br/sistemas-de-informacao,Tecnologia & TI
ADMINISTRAÇÃO PÚBLICA,8,550-650,ENEM/EDITAL UAB,BACHARELADO,30-50,"ÓRGÃOS PÚBLICOS, GESTÃO GOVERNAMENTAL","2.500,00",15-30,POLO UAB CRATO (CE),EAD,TURNO LIVRE,"Órgãos públicos, gestão governamental, políticas públicas.",https://www.ufpi.br/administracao-publica,Negócios & Gestão
GESTÃO PÚBLICA,4-6,500-600,ENEM/EDITAL UAB,TECNÓLOGO,30-50,"PREFEITURAS, ÓRGÃOS PÚBLICOS, ADMINISTRAÇÃO","2.500,00",15-30,POLO UAB CRATO (CE),EAD,TURNO LIVRE,"Administração de instituições públicas, projetos sociais e governamentais.",https://www.ifro.edu.br/cursos/gestao-publica,Negócios & Gestão
GESTÃO ESCOLAR,1-2,400-450,ANÁLISE DE CURRÍCULO/EDITAL,PÓS-GRADUAÇÃO,30-50,"DIREÇÃO E COORDENAÇÃO ESCOLAR","4.000,00",15-30,POLO UAB CRATO (CE),EAD,TURNO LIVRE,"Direção e coordenação de escolas, administração educacional.",https://www.ufpi.br/gestao-escolar,Humanas & Educação
EDUCAÇÃO INFANTIL,1-2,400-450,ANÁLISE DE CURRÍCULO/EDITAL,PÓS-GRADUAÇÃO,30-50,"ATUACÃO EM CRECHES E EDUCAÇÃO BÁSICA","2.500,00",15-30,POLO UAB CRATO (CE),EAD,TURNO LIVRE,"Creches, pré-escolas, desenvolvimento infantil.",https://www.ifro.edu.br/zona-norte/cursos/licenciatura-em-pedagogia,Humanas & Educação
EDUCAÇÃO INCLUSIVA,1-2,400-450,ANÁLISE DE CURRÍCULO/EDITAL,PÓS-GRADUAÇÃO,30-50,"APOIO A ALUNOS COM DEFICIÊNCIA","3.000,00",15-30,POLO UAB CRATO (CE),EAD,TURNO LIVRE,"Atendimento educacional especializado, inclusão escolar.",https://www.ufpi.br/educacao-inclusiva,Humanas & Educação
METODOLOGIA DO ENSINO,1-2,400-450,ANÁLISE DE CURRÍCULO/EDITAL,PÓS-GRADUAÇÃO,30-50,FORMAÇÃO DE PROFESSORES,"3.000,00",15-30,POLO UAB CRATO (CE),EAD,TURNO LIVRE,"Formação de professores, planejamento educacional, didática.",https://www.ufpi.br/metodologia-do-ensino,Humanas & Educação
ENSINO DE CIÊNCIAS,1-2,400-450,ANÁLISE DE CURRÍCULO/EDITAL,PÓS-GRADUAÇÃO,50-100,"ENSINO EM ESCOLAS, EDUCAÇÃO DIGITAL, PLATAFORMAS EAD","3.000,00",10-20,POLO UAB CRATO (CE),EAD,TURNO LIVRE,"Ensino em escolas, projetos educacionais científicos.",https://www.ufpi.br/ensino-de-ciencias,Humanas & Educação
TECNOLOGIAS DA EDUCAÇÃO,1-2,400-450,ANÁLISE DE CURRÍCULO/EDITAL,PÓS-GRADUAÇÃO,50-100,"EDUCAÇÃO DIGITAL, PLATAFORMAS EAD","3.000,00",10-20,POLO UAB CRATO (CE),EAD,TURNO LIVRE,"Educação digital, plataformas online, inovação no ensino.",https://www.ufpi.br/tecnologias-na-educacao,Tecnologia & TI